1012.dds,添加备注,2,3,
1013.dds,添加备注,2,3,
1014.dds,添加备注,2,3,
1015.dds,添加备注,2,3,
1021.dds,添加备注,2,3,
1022.dds,添加备注,2,3,
1023.dds,添加备注,2,3,
1024.dds,添加备注,2,3,
1030.dds,添加备注,2,3,
1031.dds,添加备注,2,3,
1032.dds,添加备注,2,3,
10333333.dds,添加备注,2,3,
1012.dds,添加备注,
1013.dds,添加备注,
1014.dds,添加备注,
1015.dds,添加备注,
1021.dds,添加备注,
1022.dds,添加备注,
1023.dds,添加备注,
1024.dds,添加备注,
1003.dds,添加备注,
1004.dds,添加备注,
1005.dds,添加备注,
1006.dds,添加备注,
1007.dds,添加备注,
1008.dds,添加备注,
1016.dds,添加备注,
1017.dds,添加备注,
1025.dds,添加备注,
1026.dds,添加备注,
1030.dds,添加备注,
1031.dds,添加备注,
1032.dds,添加备注,
10333333.dds,添加备注,
